"","Df","SumOfSqs","R2","F","Pr(>F)"
"Grazing_int_log",1,1.14627572964662,0.123376838302665,3.96455529524994,0.048951048951049
"Manuring_freq",1,0.561781797656236,0.060466134123054,1.94300109744073,0.0569430569430569
"Grazing_season",2,1.22191132414703,0.131517707267482,2.11307580069169,0.003996003996004
"Residual",22,6.36088140388411,0.684639320306799,NA,NA
"Total",26,9.29085025533399,1,NA,NA
