"","Df","SumOfSqs","R2","F","Pr(>F)"
"Grazing_int_log",1,1.11321456619538,0.119034279946522,3.79358474451101,0.044955044955045
"Manuring_freq",1,0.562083664537621,0.0601027208138375,1.91545464789986,0.045954045954046
"Grazing_season",2,1.22092668563079,0.130551767201766,2.08032170500833,0.004995004995005
"Residual",22,6.45582532240364,0.690311232037874,NA,NA
"Total",26,9.35205023876743,1,NA,NA
