Effect,F,v1,v2,ncp,Rsq,upper.CL,lower.CL,responce
Model,2.4935407043743467,8,15.816326530612244,19.948325634994774,0.5577665216097929,0.8299116202324982,0.38415673216762214,SR
Grazing_int_log,8.266194220646122,1,15.816326530612244,8.266194220646122,0.3432445592396799,0.6723938394407216,0.049321954765562864,SR
humus_log,5.930790689772221,1,15.816326530612244,5.930790689772221,0.27271617794992375,0.6236987188906762,0.015844862168117445,SR
abundance_Exper,2.6145158517499354,1,15.816326530612244,2.6145158517499354,0.14185547233869011,0.5118147008469422,8.675832907440865e-4,SR
soil_NPK,2.2109448137392618,1,15.816326530612244,2.2109448137392618,0.12264445192544453,0.4913978160180956,5.819052242510682e-4,SR
SR_Exper_log,2.137095486899152,1,15.816326530612244,2.137095486899152,0.11903555126229827,0.4873847421309565,5.407734788437178e-4,SR
Mowing_frequency,1.309025485921555,1,15.816326530612244,1.309025485921555,0.07643787319862078,0.4343718689590711,2.3704789980147253e-4,SR
Manuring_freq,0.15218267500519383,1,15.816326530612244,0.15218267500519383,0.009530174235153942,0.3074822797163156,7.46153477179459e-5,SR
Mowing_frq_sqrd,0.12951447845908204,1,15.816326530612244,0.12951447845908204,0.008122147861966227,0.30357874327274936,7.294319705593172e-5,SR
